kansascity,kansas
baseball,cardinals
mortalkombat,twobestfriendsplay
kansascity,kansas
hockey,caps
nba,hawks
videoessay,cringeanarchy,morbidreality
hgd,hockey
gtaa,gtavcustoms
audioengineering,progmetal
nfl,bengals
surfing,digitalnomad,bali
nba,chicagobulls
hockey,caps
anticonsumption,cardinals
crazyhand,smashbros
browns,nfl
tumblrinaction,kotakuinaction
ea_nhl,nba2k
browns,nfl
boston,transit
wwe,minnesotatwins
dota2,leagueoflegends
streetwear,sneakers
preppers,iphone
muse,mariners
actionfigures,buildapcsales,lifeprotips,heroesofthestorm
nba,nfl
nocontext,arrow
watchinganime,anime
hawks,hockey
longhornnation,nfl
squaredcircle,tesdcares
autoflowers,microgrowery
rockets,hockey
iamverysmart,ontario
fatestaynight,anime
steamgameswap,worldoftanks
redditgetsdrawn,artistlounge
hawks,clevelandcavs
prayerrequests,christianity
browns,nfl
abcdesis,fringefashion,kappa
hawks,hockey
nba,maddenultimateteam
cats,leagueoflegends
hockey,caps
goodyearwelt,frugalmalefashion
feedthebeastservers,mcservers
water,tpp
minnesotatwins,kcroyals
briggs,emeraldps2,connery,planetside
tampabaylightning,hockey
boxing,sfgiants
lv426,france
browns,clevelandcavs
